{
    "030": {
      "name": "HYPER HAYAT"
    },
    "050": {
      "name": "CASH CENTER ZONE 4"
    },
    "080": {
      "name": "MANDARINE MARCORY"
    },
    "100": {
      "name": "CASINO 2 PLATEAUX"
    },
    "110": {
      "name": "SUPER U VALLON"
    },
    "120": {
      "name": "MANDARINE GOLF"
    },
    "220": {
      "name": "SUPER U PLATEAU"
    },
    "230": {
      "name": "HYPER CASINO PRIMA"
    },
    "235": {
      "name": "SUPER U DJIBI"
    },
    "240": {
      "name": "FNAC CAP SUD"
    },
    "245": {
      "name": "FNAC CAP NORD"
    },
    "250": {
      "name": "GIFI Z4"
    },
    "261": {
      "name": "MONOP COCODY"
    },
    "281": {
      "name": "CASINO MANDARINE ANGRE"
    },
    "290": {
      "name": "MANDARINE BIETRY"
    },
    "291": {
      "name": "MANDARINE DANGA"
    },
    "292": {
      "name": "MANDARINE KOUMASSI"
    },
    "293": {
      "name": "MANDARINE AMBASSADE CHINE"
    },
    "294": {
      "name": "CASINO MANDARINE RIVIERA 4"
    },
    "295": {
      "name": "CASINO ALLABRA"
    },
    "301": {
      "name": "S2P SOCOCE ZONE 3"
    },
    "302": {
      "name": "S2P HYPER U"
    },
    "303": {
      "name": "S2P SOCOCE BOUAKE"
    },
    "304": {
      "name": "S2P SOCOCE DALOA"
    },
    "305": {
      "name": "S2P SOCOCE RUE DES JARDINS"
    },
    "306": {
      "name": "S2P SOCOCE YAMOUSSOKRO"
    },
    "307": {
      "name": "S2P SOCOCE GAGNOA"
    },
    "308": {
      "name": "S2P SOCOCE ABOBO"
    },
    "309": {
      "name": "S2P SUPERETTE SOCOCE BOUAKE"
    },
    "310": {
      "name": "S2P ECOMARCHE SAN PEDRO"
    },
    "311": {
      "name": "SOCOCE CHATEAU EAU"
    },
    "312": {
      "name": "S2P SOCOCE RIVIERA"
    },
    "353": {
      "name": "CASH IVOIRE U ANGRE"
    },
    "354": {
      "name": "CASH IVOIRE U TOITS ROUGES"
    },
    "356": {
      "name": "CASH IVOIRE U COCODY"
    },
    "357": {
      "name": "CASH IVOIRE U REMBLAIS"
    },
    "361": {
      "name": "CASH IVOIRE ABOBO"
    },
    "364": {
      "name": "CASH IVOIRE U 7 DECEMBRE"
    },
    "368": {
      "name": "CASH IVOIRE U SADIGUIBA"
    },
    "371": {
      "name": "CASH IVOIRE ANANERAIE"
    },
    "372": {
      "name": "CASH IVOIRE U MAROC"
    },
    "376": {
      "name": "CASH IVOIRE U SICOGI ANGRE"
    },
    "378": {
      "name": "CASH IVOIRE DJE KONAN"
    },
    "410": {
      "name": "CASH IVOIRE U BESSIKOI"
    },
    "411": {
      "name": "CASH IVOIRE U ANTENNE"
    },
    "412": {
      "name": "CASH IVOIRE DOKUI"
    },
    "413": {
      "name": "CASH IVOIRE U AGOUTI"
    },
    "414": {
      "name": "CASH IVOIRE U PORT-BOUËT"
    },
    "415": {
      "name": "CASH IVOIRE U M'BADON"
    },
    "416": {
      "name": "CASH IVOIRE U LATRILLE"
    }
  }